transaction_id,user_id,transaction_amount,transaction_time,transaction_type
74941,979,59.1,2024-07-11 00:14:54.253270,transport
35038,864,69.42,2024-07-05 21:32:58.917719,health
58582,969,60.2,2024-07-21 15:33:17.484662,health
48137,424,90.12,2024-07-24 16:42:39.289262,entertainment
21162,518,20.52,2024-07-14 16:30:31.506465,transport
23904,391,97.1,2024-07-06 07:13:03.280732,travel
31571,628,17.59,2024-07-28 21:00:09.546806,services
45002,42,-78.61,2024-07-26 06:19:24.712327,entertainment
74306,426,9.22,2024-07-28 14:49:24.763605,services
15521,271,8.25,2024-07-07 02:14:55.878434,health
44010,998,-43.79,2024-07-21 23:59:32.144748,travel
50785,271,36.06,2024-07-07 13:07:48.946224,transport
81800,236,56.82,2024-07-16 08:05:06.537889,services
67800,57,68.93,2024-07-04 15:00:49.094064,
40209,882,56.09,2024-07-28 02:46:23.567976,entertainment
1613,973,91.14,2024-07-16 12:04:15.139995,services
13889,783,9.66,2024-07-09 05:51:55.865803,entertainment
91952,969,80.4,2024-07-16 08:28:11.034783,services
41856,68,18.67,2024-07-01 12:53:12.119311,travel
41879,58,18.24,2024-07-12 15:58:07.262802,health
1440,101,2.9,2024-07-10 14:18:03.663023,health
32828,320,13.96,2024-07-16 23:16:52.601091,travel
99942,237,72.8,2024-07-05 16:25:04.781581,entertainment
36522,500,31.62,2024-07-24 09:42:12.183521,
83535,99,47.51,2024-07-13 08:17:54.975412,entertainment
28481,392,7011.72,2024-07-12 08:56:58.074682,travel
86032,966,95.56,2024-07-05 00:54:06.277997,entertainment
39460,760,72.6,2024-07-17 07:56:33.129980,travel
93106,414,45.59,2024-07-08 11:36:16.935058,services
20468,975,37.37,2024-07-19 23:02:12.006062,services
59396,190,24.44,2024-07-21 03:23:30.724603,travel
79942,913,1511.53,2024-07-03 06:41:35.654245,travel
26766,887,2338.59,2024-07-13 01:09:41.952636,services
83841,159,48.46,2024-07-28 14:18:18.768324,transport
14155,504,37.75,2024-07-15 16:24:43.043368,entertainment
75620,585,98.65,2024-07-20 22:41:22.496418,entertainment
40643,633,-8.11,2024-07-19 09:21:38.289114,services
48099,412,90.55,2024-07-02 18:13:13.716023,transport
23171,476,89.31,2024-07-14 20:44:35.623449,travel
53272,223,97.17,2024-07-09 16:37:47.185915,
14006,562,6642.36,2024-07-11 23:39:49.070169,entertainment
75444,185,-25.41,2024-07-17 13:37:32.017671,travel
60805,905,37.72,2024-07-10 07:03:28.917095,services
81426,73,68.11,2024-07-05 04:37:41.206885,transport
94218,302,36.23,2024-07-23 09:48:13.426441,services
5075,292,44.6,2024-07-05 08:15:34.087552,health
6003,750,28.63,2024-07-17 12:30:12.462868,health
27604,847,27.79,2024-07-24 10:34:14.150647,transport
74856,472,95.64,2024-07-07 07:42:53.174067,transport
51552,556,28.37,2024-07-09 13:02:00.291507,health
85283,751,79.32,2024-07-23 01:58:17.176468,services
20966,851,99.77,2024-07-23 10:48:56.867238,transport
44506,6,23.21,2024-07-06 14:36:12.457482,travel
50280,232,2016.87,2024-07-25 06:02:39.440875,entertainment
35099,275,56.95,2024-07-25 19:04:50.168071,health
12894,179,55.42,2024-07-26 06:21:21.293035,transport
79678,682,23.26,2024-07-02 00:50:55.307455,health
66435,985,98.47,2024-07-31 16:23:46.385762,transport
49477,228,84.41,2024-07-22 02:24:20.985739,health
32911,931,1898.54,2024-07-04 06:42:34.212110,entertainment
50823,655,44.32,2024-07-18 22:19:06.441352,transport
31196,157,88.05,2024-07-23 18:29:01.649377,services
38755,279,73.93,2024-07-20 19:34:34.927775,entertainment
14701,183,19.29,2024-07-12 08:54:51.421147,services
62951,786,53.73,2024-07-12 07:25:32.651145,transport
72115,423,10.36,2024-07-01 09:50:47.839739,health
42314,703,4.93,2024-07-07 02:54:30.978233,health
42087,835,56.6,2024-07-05 23:52:09.339709,services
7741,632,98.38,2024-07-19 01:25:56.891158,transport
58454,443,43.81,2024-07-31 16:55:32.620019,transport
21302,941,46.31,2024-07-19 23:33:55.428577,health
56274,274,47.63,2024-07-21 12:06:38.344000,health
17193,984,66.51,2024-07-20 17:47:01.759369,health
39586,446,71.42,2024-07-19 05:27:18.412469,services
75702,106,56.72,2024-07-08 04:51:11.325827,travel
11995,275,19.53,2024-07-28 12:41:50.359572,health
38369,34,72.13,2024-07-19 16:39:19.925827,travel
98962,850,68.22,2024-07-10 09:22:53.643511,travel
90064,877,36.4,2024-07-06 11:47:48.233467,health
26585,64,87.48,2024-07-11 16:40:37.824123,entertainment
63746,873,91.33,2024-07-31 11:05:21.048624,entertainment
23808,646,28.97,2024-07-18 13:32:50.183548,health
29423,619,16.81,2024-07-18 02:29:57.768606,services
9706,612,1.59,2024-07-05 12:54:36.593929,entertainment
82483,387,40.87,2024-07-03 10:59:22.059010,entertainment
48278,88,49.84,2024-07-08 09:58:12.773727,entertainment
17565,446,34.31,2024-07-17 23:52:01.298977,health
41691,254,2.12,2024-07-16 23:30:07.623443,transport
6259,832,37.49,2024-07-24 20:47:25.050036,services
25490,60,65.45,2024-07-13 09:26:02.248446,entertainment
61569,87,2190.94,2024-07-19 14:53:28.158476,services
42048,817,7449.37,2024-07-09 07:20:49.938491,entertainment
43280,850,67.94,2024-07-05 09:51:08.701445,health
58631,380,-87.86,2024-07-20 22:19:49.967835,health
39098,184,41.15,2024-07-14 02:18:35.599962,health
84681,212,60.58,2024-07-12 10:33:18.230522,travel
98198,336,23.22,2024-07-15 22:41:02.939895,travel
88584,422,50.22,2024-07-05 05:21:51.099293,health
82091,144,4.63,2024-07-03 03:47:35.120064,travel
680,393,3446.47,2024-07-04 23:54:09.631550,travel
91396,237,74.42,2024-07-27 12:19:05.685441,
12998,586,8.71,2024-07-02 06:03:07.424374,entertainment
52175,145,77.97,2024-07-16 04:40:40.970833,transport
79549,492,65.09,2024-07-31 19:28:08.448212,travel
7056,361,54.46,2024-07-15 02:59:16.326757,health
40851,700,11.68,2024-07-16 04:08:02.162348,transport
34451,614,9.72,2024-07-17 02:13:07.069658,health
55593,599,-45.47,2024-07-12 08:15:14.416682,services
85096,905,75.53,2024-07-08 14:08:13.507235,travel
79218,258,15.92,2024-07-03 04:36:13.781943,entertainment
15750,402,-30.53,2024-07-19 09:27:08.586092,travel
14639,692,80.08,2024-07-02 08:43:25.889689,transport
2067,228,20.53,2024-07-05 11:25:41.554169,travel
70293,379,99.71,2024-07-12 05:48:28.894556,travel
95861,837,31.42,2024-07-24 05:52:36.062041,health
61512,583,64.24,2024-07-22 13:06:17.441533,entertainment
77669,346,-98.52,2024-07-22 17:36:07.321900,transport
15755,15,87.78,2024-07-08 13:44:24.454398,transport
44888,495,25.28,2024-07-04 07:33:20.678661,services
39977,609,67.1,2024-07-21 03:31:12.486819,transport
44847,8,1.23,2024-07-19 21:09:39.201720,travel
6097,7,5082.66,2024-07-31 08:54:23.032295,travel
95658,546,30.47,2024-07-01 18:20:05.436622,health
38791,158,58.32,2024-07-23 05:04:28.828360,entertainment
81783,195,-96.2,2024-07-05 15:08:15.450127,travel
9641,581,1.49,2024-07-15 12:56:18.019439,health
12921,49,-43.56,2024-07-06 06:33:02.853603,travel
1527,458,26.45,2024-07-26 09:59:40.336007,entertainment
35330,538,10.45,2024-07-28 11:12:12.976992,services
44946,513,6801.69,2024-07-04 04:57:33.217813,health
14410,609,69.6,2024-07-10 02:00:36.691464,transport
93251,97,81.65,2024-07-12 05:22:36.183210,health
38240,383,9.2,2024-07-03 21:25:35.206613,health
45372,487,6.77,2024-07-03 15:51:34.113501,health
74278,39,13.23,2024-07-17 21:34:29.726601,health
27106,603,96.23,2024-07-12 22:59:41.338441,transport
34622,383,60.45,2024-07-17 19:58:40.254701,health
66728,144,1.59,2024-07-04 05:43:14.542121,entertainment
25252,164,50.48,2024-07-30 18:53:18.671468,entertainment
22392,465,27.11,2024-07-22 12:40:10.424043,health
25146,450,86.43,2024-07-26 18:07:51.334968,entertainment
40056,955,65.33,2024-07-28 13:19:50.724482,entertainment
72298,634,90.98,2024-07-27 23:09:15.497943,health
92670,822,49.41,2024-07-21 08:07:28.125910,transport
44598,100,55.9,2024-07-07 22:32:13.745818,
70308,816,-42.48,2024-07-21 19:42:21.342239,transport
14725,984,80.0,2024-07-24 09:26:26.891149,entertainment
97935,811,32.2,2024-07-28 22:05:16.516797,health
20810,755,97.27,2024-07-20 13:39:25.564726,transport
72289,268,9.29,2024-07-05 21:52:56.162656,travel
99491,996,73.87,2024-07-10 13:28:37.633317,health
95296,591,71.85,2024-07-11 14:21:05.945593,entertainment
89586,563,-61.15,2024-07-29 14:49:05.668458,services
14665,623,86.01,2024-07-28 21:53:43.345944,entertainment
53371,673,37.14,2024-07-17 14:19:49.842628,services
10714,583,-76.04,2024-07-24 18:05:57.729263,services
58436,949,43.53,2024-07-17 05:13:23.384822,entertainment
15312,713,43.39,2024-07-19 13:32:55.522917,entertainment
81736,279,31.19,2024-07-25 03:27:18.339322,transport
48503,796,-89.56,2024-07-16 06:23:35.649293,health
29719,299,72.76,2024-07-13 23:06:35.006077,health
5770,271,36.52,2024-07-30 06:27:11.938282,entertainment
37191,54,91.31,2024-07-01 02:09:46.062006,services
83051,602,47.12,2024-07-05 11:33:34.868306,health
53725,727,92.1,2024-07-28 08:44:43.902899,entertainment
74230,896,1.79,2024-07-17 21:21:31.945792,entertainment
6521,808,7.64,2024-07-14 17:40:42.513830,health
96354,498,5.11,2024-07-17 19:25:16.105505,travel
28218,284,94.1,2024-07-08 04:44:53.921355,
1003,21,19.01,2024-07-27 00:13:44.309602,entertainment
83157,48,76.1,2024-07-01 09:51:57.731825,transport
24611,954,-3.49,2024-07-07 19:56:47.525495,travel
335,409,68.67,2024-07-30 12:44:31.174057,entertainment
50870,368,17.09,2024-07-26 10:05:19.683062,services
11032,509,62.94,2024-07-20 20:00:37.133277,entertainment
73044,320,65.26,2024-07-06 09:36:27.690990,health
75600,920,9.01,2024-07-01 01:29:25.437314,transport
26536,603,-77.24,2024-07-24 12:13:50.355322,transport
57683,641,55.69,2024-07-17 04:10:33.262643,entertainment
49404,503,5556.18,2024-07-25 14:54:49.992637,entertainment
30283,366,89.67,2024-07-28 00:37:19.970791,entertainment
62521,506,56.93,2024-07-14 18:52:40.236633,health
31785,293,42.72,2024-07-26 05:30:17.539568,entertainment
57650,787,72.97,2024-07-27 21:21:40.487308,travel
44227,718,4.41,2024-07-17 09:22:03.138406,travel
59248,975,27.44,2024-07-21 12:34:42.246272,services
70581,283,68.12,2024-07-22 03:45:18.432581,travel
78064,558,2.4,2024-07-30 09:45:00.585322,services
69122,965,17.7,2024-07-10 05:28:02.246215,entertainment
78804,533,93.8,2024-07-02 04:17:59.137075,health
67938,546,27.49,2024-07-17 01:36:24.191911,health
60071,31,-21.06,2024-07-11 03:13:18.669937,services
10753,820,17.09,2024-07-25 08:40:31.116567,
3198,487,6.48,2024-07-19 01:01:24.053612,services
54454,770,60.18,2024-07-29 01:11:50.913556,
48790,442,30.62,2024-07-20 14:14:53.966866,travel
94359,3,72.49,2024-07-26 05:54:46.933844,entertainment
50649,984,39.03,2024-07-17 23:15:27.583402,transport
57904,274,19.71,2024-07-12 20:21:28.447850,services
58183,600,-28.2,2024-07-03 11:19:16.716544,health
60303,198,9866.71,2024-07-06 20:37:20.561664,transport
76487,217,86.38,2024-07-09 19:01:23.570243,travel
5123,191,36.73,2024-07-05 08:18:04.208650,travel
85897,97,46.16,2024-07-29 22:49:59.357976,travel
18360,379,56.9,2024-07-28 03:10:04.739498,travel
45816,176,99.14,2024-07-22 18:46:20.443677,health
16665,667,11.92,2024-07-12 22:24:21.041518,entertainment
96807,202,78.03,2024-07-20 16:50:08.975498,entertainment
43474,673,59.01,2024-07-06 23:18:06.043251,travel
67604,104,59.36,2024-07-11 17:04:38.687717,health
87619,239,-42.62,2024-07-12 10:55:30.295191,travel
51647,951,27.46,2024-07-10 09:11:05.356700,entertainment
56091,968,18.32,2024-07-09 19:31:22.944683,transport
47072,712,6.48,2024-07-13 18:43:31.768390,travel
17991,341,66.4,2024-07-06 22:27:25.555086,travel
29429,737,74.03,2024-07-26 19:21:23.341380,health
51341,273,1.41,2024-07-09 13:17:13.372529,travel
20807,822,-78.99,2024-07-17 16:25:49.536916,transport
43433,899,65.45,2024-07-26 22:45:27.498933,entertainment
55262,802,-27.54,2024-07-10 21:40:53.922743,travel
33134,729,31.6,2024-07-10 05:09:32.420933,entertainment
79780,387,11.15,2024-07-01 23:02:48.960225,travel
57463,938,28.66,2024-07-17 11:43:40.579420,transport
61243,839,80.31,2024-07-06 16:13:57.990023,transport
59927,755,22.22,2024-07-03 08:41:39.354528,entertainment
28406,859,21.25,2024-07-23 01:37:36.585882,entertainment
83849,226,78.74,2024-07-18 10:49:42.191063,health
97932,450,2.82,2024-07-29 14:46:40.306313,health
81106,118,7.75,2024-07-30 22:11:17.162515,travel
88978,190,98.41,2024-07-23 02:23:45.274353,travel
86984,674,36.97,2024-07-09 01:33:19.742817,entertainment
49634,611,70.15,2024-07-01 15:19:56.123594,transport
30975,677,82.06,2024-07-03 06:59:13.181797,health
94876,119,79.35,2024-07-16 06:34:39.207573,transport
16691,898,50.54,2024-07-08 15:35:56.135634,transport
13304,96,32.69,2024-07-13 15:52:10.886104,
38648,354,39.32,2024-07-01 13:07:01.970051,transport
94205,437,59.05,2024-07-13 16:28:28.196076,transport
19088,368,32.36,2024-07-24 00:47:37.458932,travel
76430,170,85.69,2024-07-03 21:37:08.719244,services
21718,716,15.02,2024-07-02 18:44:16.060846,travel
2485,345,18.39,2024-07-26 00:48:00.022113,
1778,753,37.69,2024-07-05 10:03:31.608587,services
25075,412,-59.01,2024-07-25 08:56:03.592156,health
4874,800,9.48,2024-07-09 19:26:10.017924,services
68748,484,-85.72,2024-07-26 11:02:30.634130,services
82187,688,38.41,2024-07-07 01:16:18.834504,entertainment
5944,901,25.57,2024-07-31 03:41:50.800481,travel
75928,119,98.19,2024-07-07 22:30:11.465937,travel
9635,964,84.51,2024-07-29 19:24:59.256092,
30724,508,33.88,2024-07-10 16:35:47.603282,entertainment
78735,219,57.62,2024-07-25 04:44:30.041176,transport
14652,270,9.24,2024-07-03 20:40:50.197721,entertainment
59188,682,21.18,2024-07-15 12:14:37.961016,health
30503,804,62.16,2024-07-28 19:45:15.410834,transport
44560,847,3.91,2024-07-12 20:00:14.921128,transport
29172,369,28.69,2024-07-12 16:18:32.053196,travel
42778,257,68.15,2024-07-15 16:53:02.521330,entertainment
89715,42,68.72,2024-07-17 16:55:31.635284,transport
51426,959,74.76,2024-07-01 11:19:31.198836,health
1502,122,43.07,2024-07-21 08:58:55.390819,services
23540,743,48.86,2024-07-18 19:41:59.186791,health
73901,574,91.15,2024-07-31 03:13:43.215695,entertainment
3326,568,71.74,2024-07-11 12:53:12.297204,health
47632,366,31.68,2024-07-25 21:17:22.543521,transport
44393,780,1.17,2024-07-26 15:56:29.638743,travel
52314,798,78.12,2024-07-12 15:32:00.364203,entertainment
44028,176,33.39,2024-07-01 19:55:07.565457,health
8682,341,20.61,2024-07-23 17:46:00.402958,travel
11394,900,85.2,2024-07-02 01:26:43.411311,transport
97386,674,71.47,2024-07-31 03:19:06.534475,entertainment
1034,998,56.75,2024-07-01 17:57:35.700043,health
65568,424,51.56,2024-07-22 18:51:11.998496,entertainment
77787,602,32.94,2024-07-15 13:16:05.598533,health
96118,204,68.98,2024-07-27 14:48:14.500026,travel
31878,860,50.07,2024-07-04 00:40:27.748632,transport
34520,539,93.36,2024-07-21 20:50:25.706901,health
15843,491,16.42,2024-07-22 07:42:03.605410,services
96758,917,57.15,2024-07-02 01:42:04.072005,entertainment
46213,975,-96.26,2024-07-10 06:51:09.090144,services
14741,737,-54.79,2024-07-24 05:50:09.994603,transport
62319,316,90.65,2024-07-31 07:54:45.820364,services
34864,911,28.86,2024-07-09 01:32:19.752870,transport
88995,156,53.86,2024-07-07 03:54:50.799825,services
85697,669,8.38,2024-07-24 13:08:09.779137,services
19313,217,58.17,2024-07-15 05:40:45.718057,services
68044,46,12.13,2024-07-04 18:06:10.079906,transport
14489,535,37.87,2024-07-04 04:18:40.490572,
39922,9,76.3,2024-07-12 06:02:16.441066,health
42168,537,-95.22,2024-07-20 03:10:44.851439,travel
91140,713,84.42,2024-07-12 22:49:34.419570,travel
75864,208,41.73,2024-07-10 06:13:18.739914,travel
32218,152,32.86,2024-07-30 19:59:35.094625,services
16874,454,16.52,2024-07-20 03:25:49.784313,entertainment
40886,96,47.79,2024-07-17 14:31:23.040422,transport
11437,606,16.97,2024-07-16 15:21:17.152657,health
98623,928,41.77,2024-07-27 04:19:53.919140,health
76534,320,-97.04,2024-07-28 20:09:43.612780,health
1718,514,40.61,2024-07-19 00:06:21.766606,services
46713,955,64.57,2024-07-10 13:43:28.443529,services
5116,337,27.86,2024-07-04 22:03:18.882622,entertainment
84008,119,36.96,2024-07-29 22:48:33.204602,transport
42702,278,79.78,2024-07-05 10:52:25.154031,services
69914,627,46.08,2024-07-16 10:11:00.663779,entertainment
48121,645,24.39,2024-07-14 15:12:49.028889,health
25516,610,46.28,2024-07-01 14:49:17.716865,transport
44784,562,-71.83,2024-07-10 08:29:52.340084,entertainment
23560,453,66.7,2024-07-12 03:41:49.153329,health
83438,993,41.37,2024-07-03 15:54:51.681955,entertainment
71849,749,42.31,2024-07-01 22:27:11.682561,entertainment
12280,176,7.04,2024-07-29 14:25:36.390631,services
41335,874,32.95,2024-07-06 20:01:48.028137,services
39125,815,-33.97,2024-07-08 01:32:24.623791,transport
36103,710,91.09,2024-07-22 15:42:36.460106,transport
89093,144,86.97,2024-07-02 13:34:58.345815,entertainment
65085,800,58.46,2024-07-10 12:27:12.282573,health
13854,878,56.37,2024-07-15 02:40:03.620723,health
84821,559,39.98,2024-07-05 17:35:33.429712,travel
6625,134,17.97,2024-07-24 10:03:42.974249,services
32893,196,89.33,2024-07-07 04:45:44.904408,transport
99530,603,35.26,2024-07-27 15:28:05.971789,transport
16194,515,-5.72,2024-07-12 07:23:35.929634,travel
66876,634,28.51,2024-07-23 00:02:29.475236,travel
15340,555,99.66,2024-07-10 09:09:32.200548,services
49291,263,61.7,2024-07-07 11:40:51.573776,entertainment
33788,799,80.94,2024-07-21 07:10:11.463049,travel
84157,34,72.26,2024-07-15 23:11:26.351686,entertainment
28292,864,29.93,2024-07-11 07:07:29.425029,entertainment
17869,61,56.63,2024-07-23 22:22:21.781973,travel
14595,483,25.8,2024-07-25 06:20:35.842985,services
44375,621,67.75,2024-07-14 23:23:35.105685,services
68840,811,35.77,2024-07-30 23:27:31.697069,entertainment
61502,70,53.0,2024-07-29 08:03:35.647358,transport
84209,826,4.7,2024-07-25 16:27:33.848745,travel
20843,28,9.67,2024-07-23 22:12:49.017392,travel
71668,121,2.35,2024-07-14 16:10:02.873864,travel
22110,212,1.89,2024-07-17 15:38:57.470846,health
881,505,30.27,2024-07-29 17:51:50.465543,entertainment
41136,412,88.47,2024-07-03 01:26:44.467778,travel
66464,152,81.95,2024-07-04 00:11:12.171241,
39442,322,86.35,2024-07-23 14:12:17.816200,entertainment
68972,944,91.66,2024-07-23 14:44:39.566267,
11143,449,75.18,2024-07-06 02:13:44.019870,travel
82906,174,80.16,2024-07-06 05:52:02.367062,travel
60922,972,56.65,2024-07-21 00:33:07.795142,entertainment
11311,268,11.88,2024-07-04 21:04:46.048960,transport
92988,570,99.57,2024-07-22 04:47:02.029728,transport
31851,964,47.89,2024-07-05 23:58:19.662123,travel
62052,122,21.89,2024-07-21 00:29:27.779807,entertainment
32323,783,88.54,2024-07-09 00:30:10.730825,services
37857,218,66.04,2024-07-22 01:20:11.264966,travel
95189,386,4.11,2024-07-13 11:27:20.171318,entertainment
64118,869,93.83,2024-07-19 04:50:15.169116,services
43206,856,93.19,2024-07-24 19:49:36.064511,travel
45930,127,23.57,2024-07-24 23:20:39.602249,services
49872,194,64.86,2024-07-25 11:32:30.505927,transport
11468,708,98.44,2024-07-31 19:58:12.705844,health
21160,988,-20.28,2024-07-22 12:01:39.614219,travel
73863,789,83.13,2024-07-11 10:44:34.219176,travel
35482,956,15.75,2024-07-27 06:39:56.472693,services
41754,853,62.52,2024-07-06 01:41:03.997024,entertainment
61167,368,13.74,2024-07-05 08:53:30.834402,travel
40212,524,37.31,2024-07-22 08:53:06.912531,entertainment
54005,656,63.9,2024-07-10 07:52:35.732336,travel
64263,823,8.53,2024-07-16 03:50:33.609392,entertainment
46171,812,29.72,2024-07-31 15:41:27.628563,transport
86998,251,89.05,2024-07-25 00:11:00.272318,travel
50031,892,41.32,2024-07-30 22:07:07.663919,entertainment
31439,172,60.01,2024-07-09 07:28:26.187997,travel
48205,162,13.91,2024-07-18 21:49:23.297193,entertainment
56369,899,-53.54,2024-07-23 09:35:09.911347,transport
78061,492,20.35,2024-07-06 02:39:08.582554,entertainment
86171,37,65.6,2024-07-24 17:23:41.869650,entertainment
72205,140,28.87,2024-07-06 22:13:22.279497,transport
1896,354,38.08,2024-07-06 08:55:14.847493,transport
30347,843,90.66,2024-07-06 15:25:25.256973,services
67479,374,13.41,2024-07-25 15:25:47.106356,transport
44925,837,18.42,2024-07-26 23:49:57.299942,health
71094,227,8.91,2024-07-22 00:29:06.577689,travel
17652,447,66.52,2024-07-26 00:10:23.160516,health
51065,632,85.38,2024-07-13 12:02:03.773758,services
36125,338,11.9,2024-07-03 14:41:17.145721,health
46574,335,55.5,2024-07-01 18:55:21.961706,
84642,859,68.95,2024-07-15 23:50:56.172551,entertainment
30322,331,-93.18,2024-07-28 11:49:35.358670,health
55512,682,8.82,2024-07-12 04:48:01.931594,services
8248,251,26.19,2024-07-23 19:24:20.640774,services
63339,943,62.01,2024-07-09 21:57:17.772116,services
65703,314,24.01,2024-07-03 20:23:14.045449,travel
25207,330,71.56,2024-07-16 17:13:23.759951,services
52963,874,59.55,2024-07-02 05:20:17.582579,entertainment
789,724,24.77,2024-07-02 22:42:17.594008,travel
58797,803,41.06,2024-07-02 09:54:25.804057,health
31975,36,97.04,2024-07-20 02:51:22.345803,travel
11287,85,42.08,2024-07-27 01:28:44.871499,transport
20884,874,73.24,2024-07-15 11:29:41.493015,travel
2606,387,77.76,2024-07-23 03:57:05.440904,entertainment
86696,629,96.79,2024-07-06 07:10:30.895742,health
78373,386,21.98,2024-07-04 09:43:46.352940,health
53101,816,62.78,2024-07-25 15:58:04.666912,travel
80140,982,93.7,2024-07-06 08:19:33.798246,travel
71020,665,30.26,2024-07-23 06:11:10.792954,health
89709,242,39.77,2024-07-03 11:17:01.601201,travel
97086,284,26.78,2024-07-14 05:52:31.893217,entertainment
35056,654,20.14,2024-07-05 19:18:14.908862,entertainment
22196,304,47.42,2024-07-15 07:34:30.040200,
63062,515,55.77,2024-07-14 02:47:28.544636,transport
44665,762,-69.2,2024-07-16 23:57:51.353538,transport
2513,247,21.52,2024-07-26 01:36:01.831497,services
89729,191,75.25,2024-07-03 13:09:56.039388,transport
91080,503,92.29,2024-07-26 18:05:01.840125,services
2383,789,72.45,2024-07-26 02:44:00.250246,health
10532,684,1.24,2024-07-18 11:08:56.884736,health
74460,70,64.18,2024-07-13 04:23:32.737737,travel
74687,296,60.08,2024-07-08 05:32:36.393356,health
30452,42,39.57,2024-07-19 18:31:00.581548,services
21877,904,85.72,2024-07-18 20:31:38.389595,entertainment
57571,574,33.45,2024-07-31 17:30:38.300561,travel
28032,167,82.89,2024-07-03 20:16:45.789969,services
22752,97,49.9,2024-07-11 04:50:33.985613,services
89815,5,29.04,2024-07-02 02:41:11.652887,health
95210,290,21.43,2024-07-30 05:40:18.415139,travel
12455,528,19.12,2024-07-12 10:03:58.470097,services
93738,902,51.21,2024-07-30 19:54:33.872087,entertainment
35587,587,91.63,2024-07-30 00:54:49.283534,entertainment
70929,124,22.44,2024-07-09 02:38:41.843213,entertainment
25479,346,12.3,2024-07-05 02:01:07.779651,
24050,368,67.94,2024-07-03 16:11:56.792863,transport
92431,144,73.76,2024-07-25 05:23:54.376742,entertainment
58532,571,74.94,2024-07-20 23:33:28.118126,entertainment
42561,620,5805.4,2024-07-20 21:14:03.562568,entertainment
95586,776,80.97,2024-07-20 07:53:39.027416,travel
39349,911,23.75,2024-07-03 16:00:53.781950,transport
68753,656,8.28,2024-07-11 13:56:07.695151,entertainment
74294,49,61.65,2024-07-28 11:38:33.990877,transport
27666,145,62.45,2024-07-30 13:21:25.851294,entertainment
40394,506,97.65,2024-07-29 23:32:00.628933,transport
85634,192,96.34,2024-07-05 01:55:17.672586,services
84836,674,65.53,2024-07-09 22:38:37.632706,entertainment
35217,951,-51.64,2024-07-28 20:44:01.923261,services
65447,681,86.67,2024-07-01 01:00:46.602680,entertainment
6009,123,22.89,2024-07-13 22:02:11.142486,entertainment
19862,104,82.49,2024-07-17 08:00:07.256123,health
41932,738,23.31,2024-07-09 14:47:54.224032,entertainment
57619,463,68.94,2024-07-03 18:56:30.765929,travel
29410,448,77.64,2024-07-17 05:17:13.754726,health
20189,647,72.06,2024-07-28 15:14:04.301441,transport
18115,30,30.48,2024-07-01 04:45:30.352131,transport
23117,771,88.48,2024-07-24 22:17:54.683300,transport
5220,364,63.08,2024-07-18 21:05:54.959043,services
65002,136,88.02,2024-07-06 17:58:27.306901,entertainment
56527,665,66.13,2024-07-08 12:27:28.147240,transport
31007,266,92.24,2024-07-29 21:25:33.683476,travel
67492,906,82.77,2024-07-27 05:41:11.080900,travel
47126,756,35.32,2024-07-15 00:13:39.679770,entertainment
50640,204,10.13,2024-07-26 07:54:51.180894,entertainment
13596,736,87.9,2024-07-22 07:28:41.896030,travel
23563,776,34.91,2024-07-01 01:00:03.474399,travel
93268,111,9757.36,2024-07-05 12:30:52.856929,
83031,112,92.08,2024-07-23 11:17:56.849035,health
91854,7,53.72,2024-07-31 10:05:24.665739,transport
798,733,3.62,2024-07-31 11:42:12.164760,travel
57341,597,29.15,2024-07-09 03:58:41.467968,health
81775,516,99.94,2024-07-24 21:39:38.116834,travel
48796,517,6.35,2024-07-16 08:24:47.165589,entertainment
99799,730,38.24,2024-07-09 17:46:54.862595,services
99332,666,-9.75,2024-07-20 23:19:09.926319,transport
32680,845,86.18,2024-07-16 17:50:44.302798,travel
61378,156,93.61,2024-07-18 22:40:34.183385,services
38767,577,52.35,2024-07-20 19:32:30.765745,transport
44790,408,12.72,2024-07-31 23:55:54.513754,entertainment
24548,9,44.34,2024-07-31 22:27:32.983349,entertainment
14326,976,48.76,2024-07-25 08:50:10.158596,entertainment
87975,928,47.33,2024-07-10 11:51:19.066473,health
68403,112,38.6,2024-07-09 15:32:18.072028,transport
60125,163,22.01,2024-07-17 15:31:51.387125,travel
10905,174,32.97,2024-07-03 19:08:26.701252,travel
81465,957,6439.6,2024-07-01 22:53:18.895706,transport
12079,33,52.93,2024-07-24 21:49:06.773291,travel
91519,617,99.53,2024-07-02 07:58:44.697688,transport
11149,818,6.36,2024-07-03 15:17:13.764116,health
75256,454,67.32,2024-07-01 22:15:04.797633,travel
41815,18,25.2,2024-07-01 09:49:11.350039,travel
26434,937,17.76,2024-07-24 17:28:54.787266,services
8753,969,60.89,2024-07-11 02:16:28.771847,health
20413,623,5826.86,2024-07-22 03:19:01.961160,health
24614,882,66.66,2024-07-24 00:38:35.738696,health
79077,184,50.75,2024-07-29 21:34:04.004270,entertainment
35925,241,89.09,2024-07-27 03:27:33.014228,entertainment
65016,74,47.32,2024-07-04 09:31:27.965969,transport
79755,872,7571.17,2024-07-08 21:40:25.116378,health
84705,216,16.62,2024-07-17 11:26:33.404484,health
7058,375,27.72,2024-07-28 04:26:44.889183,services
43807,56,20.74,2024-07-25 08:01:28.259839,travel
41140,157,47.44,2024-07-09 00:00:23.485202,entertainment
56832,465,35.53,2024-07-08 07:58:01.184779,services
23725,739,65.03,2024-07-24 18:21:28.214815,services
33541,575,83.41,2024-07-19 22:40:10.832856,transport
15367,489,38.37,2024-07-22 13:08:02.421151,
59666,862,21.36,2024-07-12 02:38:24.938432,health
23056,54,65.24,2024-07-02 11:37:47.434504,entertainment
10616,811,4009.3,2024-07-27 21:59:53.100467,transport
96860,38,8.46,2024-07-08 08:55:07.964673,health
0,181,36.71,2024-07-01 17:24:13.273339,health
18191,234,75.83,2024-07-19 13:37:38.110897,transport
93564,594,21.15,2024-07-19 19:29:22.460509,services
77365,805,21.95,2024-07-14 04:01:25.915285,entertainment
69393,948,59.85,2024-07-03 16:42:23.808553,health
95863,45,50.11,2024-07-16 16:33:23.417808,services
49746,108,83.54,2024-07-09 07:44:45.020543,health
86174,823,96.7,2024-07-25 13:00:20.110251,entertainment
31119,308,92.59,2024-07-06 05:21:33.760717,travel
27691,244,30.06,2024-07-24 11:46:17.684932,services
78731,796,45.66,2024-07-28 03:02:13.361024,services
50338,561,80.09,2024-07-25 20:44:01.686566,
17882,269,29.15,2024-07-15 07:31:02.760874,travel
51820,269,40.29,2024-07-20 22:21:54.049251,travel
47536,86,1524.47,2024-07-31 18:23:57.128158,health
83360,511,10.13,2024-07-19 22:22:31.064072,transport
24255,243,-41.8,2024-07-27 20:23:23.718642,health
5087,153,70.85,2024-07-25 18:34:48.405762,health
83221,270,54.91,2024-07-15 23:00:05.925974,health
34061,609,87.79,2024-07-05 02:20:29.106543,
89655,171,66.52,2024-07-15 09:46:22.349064,entertainment
56744,83,42.42,2024-07-08 12:05:22.445025,transport
3872,752,30.99,2024-07-02 02:51:34.062409,entertainment
67155,178,52.09,2024-07-14 19:36:38.008680,travel
89446,695,-48.43,2024-07-12 13:14:02.799933,travel
72248,379,46.7,2024-07-28 08:24:35.917509,
55451,409,80.32,2024-07-06 14:58:14.159255,services
80156,524,46.95,2024-07-07 23:16:38.984803,services
58469,80,22.7,2024-07-04 03:49:25.305324,transport
56073,105,9222.57,2024-07-25 01:59:39.111681,travel
15924,664,30.12,2024-07-30 09:25:30.228308,travel
82679,883,71.75,2024-07-27 04:29:10.808417,health
38268,857,21.59,2024-07-12 20:21:48.588952,services
85215,45,35.31,2024-07-28 00:36:02.009710,health
646,689,69.56,2024-07-09 10:56:28.382296,entertainment
46248,212,69.79,2024-07-02 08:29:31.301974,services
93698,267,73.66,2024-07-22 06:49:43.060966,entertainment
76810,46,22.69,2024-07-20 07:57:25.393178,entertainment
77000,171,76.28,2024-07-22 21:23:32.840770,entertainment
16871,68,28.65,2024-07-26 05:23:00.022219,travel
15544,132,81.57,2024-07-18 12:01:34.126739,transport
61903,220,73.52,2024-07-18 08:49:21.148204,health
5344,187,68.09,2024-07-06 06:44:56.288393,travel
74543,731,91.94,2024-07-13 05:16:04.745064,health
60451,461,76.24,2024-07-25 07:12:10.804110,entertainment
91919,270,20.47,2024-07-20 22:15:46.202957,services
11463,861,62.74,2024-07-01 00:50:47.485370,services
40114,232,55.0,2024-07-22 15:53:04.364192,services
11442,419,42.97,2024-07-02 20:04:40.945420,entertainment
54854,977,71.23,2024-07-24 16:08:03.118952,entertainment
53182,225,1029.95,2024-07-03 22:37:18.056508,transport
93954,276,55.88,2024-07-25 13:29:31.682306,entertainment
5125,562,55.86,2024-07-26 21:13:39.508617,transport
22300,911,66.75,2024-07-26 07:15:12.203449,transport
70409,717,76.05,2024-07-11 19:15:42.726069,health
65526,816,46.38,2024-07-23 16:47:04.006624,transport
79216,65,67.2,2024-07-03 03:56:14.847145,entertainment
25635,369,28.11,2024-07-08 08:36:50.331112,services
89828,559,52.11,2024-07-19 02:17:13.163523,services
32392,864,2.37,2024-07-29 13:18:58.550109,entertainment
39858,209,86.7,2024-07-04 11:16:49.570352,travel
18984,201,25.2,2024-07-13 20:53:36.338341,transport
5417,467,42.16,2024-07-05 14:17:10.738490,entertainment
75915,410,89.49,2024-07-11 12:23:46.403297,health
52578,873,58.91,2024-07-19 06:13:27.309541,entertainment
28476,496,11.87,2024-07-06 11:16:42.124604,transport
41725,665,86.89,2024-07-23 19:36:09.465055,health
86496,681,98.8,2024-07-14 02:57:35.074026,health
4135,373,14.57,2024-07-13 14:51:50.294325,transport
4908,992,7.44,2024-07-11 15:23:08.042591,services
67586,777,12.98,2024-07-06 03:05:12.269871,health
43238,428,88.8,2024-07-08 18:30:33.551917,health
70341,782,14.31,2024-07-19 07:18:56.021659,transport
91431,524,25.19,2024-07-06 15:48:45.338758,health
55299,323,59.71,2024-07-12 01:31:48.099046,entertainment
65170,665,12.42,2024-07-24 06:16:50.880430,transport
98391,388,40.74,2024-07-05 01:45:55.654629,travel
62793,356,55.01,2024-07-30 14:48:50.105890,entertainment
58784,47,59.43,2024-07-08 16:52:55.015250,travel
42204,839,2699.76,2024-07-11 04:42:04.238397,entertainment
58203,565,74.2,2024-07-09 18:29:12.846059,services
37464,660,41.02,2024-07-02 11:51:04.566289,travel
60247,432,54.81,2024-07-18 10:44:09.029720,transport
56572,304,19.47,2024-07-07 03:14:13.724301,services
87184,874,55.05,2024-07-06 15:36:34.336104,health
97024,172,30.48,2024-07-23 18:59:22.887466,entertainment
97052,948,40.18,2024-07-17 04:56:23.307235,entertainment
19799,438,56.06,2024-07-18 15:24:26.935752,entertainment
98942,86,76.2,2024-07-18 13:16:03.816197,travel
62964,117,75.86,2024-07-25 18:57:58.747789,transport
47746,398,34.62,2024-07-29 10:03:54.647476,services
15142,103,34.19,2024-07-23 09:55:47.610416,
32592,662,-17.49,2024-07-01 05:51:16.378423,health
85347,126,96.62,2024-07-29 12:35:55.386359,services
59361,908,33.92,2024-07-23 19:31:46.206856,transport
77385,285,73.02,2024-07-05 23:55:30.030334,transport
96728,833,7.79,2024-07-29 00:57:33.637112,transport
64069,811,-27.08,2024-07-09 09:49:07.906591,health
85986,299,72.16,2024-07-31 00:47:04.273041,services
1536,448,59.67,2024-07-23 19:22:31.434667,travel
22750,989,33.17,2024-07-10 05:37:40.559635,services
66862,402,42.51,2024-07-05 18:31:11.364584,transport
84980,529,79.67,2024-07-22 01:44:36.029766,transport
73169,357,1952.62,2024-07-31 21:29:59.989356,transport
29291,549,91.91,2024-07-25 14:44:01.046148,health
57026,583,8.21,2024-07-07 11:43:13.323571,travel
30811,493,48.38,2024-07-03 19:45:52.284740,entertainment
21330,743,85.11,2024-07-31 21:00:50.197449,entertainment
54546,859,91.71,2024-07-15 07:44:29.353703,services
23897,875,90.68,2024-07-11 17:43:22.549838,entertainment
91770,378,6.0,2024-07-24 10:30:08.557486,
98368,682,4.91,2024-07-28 12:55:15.254077,services
95657,809,71.87,2024-07-22 05:44:40.640064,travel
85810,651,81.82,2024-07-03 18:56:20.305569,services
10518,899,55.61,2024-07-11 08:38:03.155475,health
12877,279,60.25,2024-07-04 09:37:08.532515,travel
23009,311,86.89,2024-07-26 00:30:45.158068,entertainment
12218,682,38.17,2024-07-15 14:33:35.224834,services
545,231,46.98,2024-07-11 01:40:00.125042,travel
66670,202,33.89,2024-07-16 00:07:10.775539,transport
77784,342,85.06,2024-07-14 02:13:36.543202,health
74420,399,42.4,2024-07-05 09:25:37.976467,health
10210,630,51.05,2024-07-30 16:23:04.921228,entertainment
91379,115,40.04,2024-07-16 04:40:27.449499,entertainment
60260,955,-76.9,2024-07-23 03:52:07.401527,health
31031,678,78.27,2024-07-24 00:57:02.188366,health
26779,892,90.75,2024-07-13 07:10:51.908539,entertainment
50260,992,68.93,2024-07-05 16:16:24.289902,services
46704,664,1.4,2024-07-22 11:26:03.738581,services
20581,65,14.41,2024-07-26 09:52:15.208708,travel
77689,423,2.85,2024-07-31 05:04:00.800538,health
88727,227,22.25,2024-07-12 00:09:58.930859,transport
75815,546,-37.08,2024-07-21 17:17:58.502475,
39025,127,77.45,2024-07-11 03:00:42.842250,services
26830,882,8.87,2024-07-18 11:23:04.522761,entertainment
51781,192,70.1,2024-07-05 16:32:28.850922,entertainment
36835,935,2.61,2024-07-03 17:03:09.667548,services
24464,733,16.45,2024-07-24 07:32:44.520430,travel
95784,294,86.91,2024-07-01 11:33:57.939811,entertainment
93181,253,59.6,2024-07-05 03:52:48.772811,travel
33286,552,81.03,2024-07-02 02:08:42.365236,health
77211,717,-80.08,2024-07-14 00:53:43.565806,travel
58990,231,32.96,2024-07-15 03:32:03.997159,transport
46165,918,58.59,2024-07-08 03:31:43.771159,health
5517,419,37.18,2024-07-25 12:22:46.782590,entertainment
65176,405,58.35,2024-07-16 12:40:35.424888,travel
29778,303,70.49,2024-07-03 06:04:39.659150,transport
66097,772,85.87,2024-07-05 21:25:56.919575,transport
99079,269,89.82,2024-07-14 23:52:47.253426,travel
21,516,68.67,2024-07-16 00:42:28.954032,travel
13793,875,55.37,2024-07-10 23:32:35.962297,travel
70316,841,82.63,2024-07-16 16:15:06.536375,health
31522,744,-1.87,2024-07-17 18:47:53.820602,entertainment
73223,155,21.8,2024-07-20 13:14:29.409141,transport
22670,742,4.46,2024-07-01 16:22:23.286275,health
35489,569,77.34,2024-07-15 04:36:38.598572,entertainment
50378,48,30.05,2024-07-25 05:53:46.367838,transport
58008,529,89.15,2024-07-03 21:52:04.207153,
633,773,1.16,2024-07-02 09:26:16.621436,transport
24293,775,74.2,2024-07-04 01:56:49.122233,services
14663,486,-89.51,2024-07-08 09:29:11.857422,entertainment
55603,405,44.48,2024-07-20 05:59:53.635322,services
10205,99,97.51,2024-07-29 20:29:10.618606,health
31301,867,17.94,2024-07-20 17:50:45.454785,transport
49127,96,47.74,2024-07-17 05:37:07.994358,entertainment
14777,563,29.14,2024-07-29 07:14:58.125226,transport
22217,96,81.77,2024-07-26 23:41:12.298482,services
88965,534,26.44,2024-07-18 17:19:20.462407,travel
3842,953,40.04,2024-07-13 07:20:32.186472,services
52434,799,22.88,2024-07-21 18:21:08.379976,services
52694,129,36.98,2024-07-02 10:54:17.434897,travel
38290,287,52.92,2024-07-28 04:13:38.749150,entertainment
53030,585,96.67,2024-07-01 20:52:23.110097,entertainment
16432,551,47.28,2024-07-07 05:37:06.934289,transport
20911,511,57.49,2024-07-24 19:01:41.905268,transport
97217,177,68.52,2024-07-23 06:51:48.943279,
31362,54,20.12,2024-07-07 12:24:57.605315,entertainment
70927,445,74.55,2024-07-16 02:58:14.981409,travel
43150,119,20.58,2024-07-23 16:21:37.405459,entertainment
73569,495,12.21,2024-07-26 13:40:03.546149,transport
97328,839,88.29,2024-07-18 15:44:24.438071,transport
85013,332,73.02,2024-07-01 16:46:09.649955,services
97625,294,92.77,2024-07-08 23:58:36.587060,health
61811,928,35.78,2024-07-06 06:00:11.285437,transport
28433,750,85.73,2024-07-29 05:48:44.411344,services
65072,449,74.26,2024-07-01 21:04:12.839984,health
17458,992,62.85,2024-07-23 12:46:35.298570,transport
60276,837,-16.77,2024-07-21 17:15:38.163890,transport
47322,358,21.82,2024-07-09 01:21:27.438382,travel
41850,368,78.4,2024-07-16 05:15:43.591258,services
29413,675,72.47,2024-07-28 09:15:42.000426,transport
61447,9,99.78,2024-07-01 22:48:25.911078,entertainment
61494,570,4.89,2024-07-27 18:54:51.935003,transport
678,575,2.22,2024-07-05 00:40:27.801176,health
15429,525,67.95,2024-07-10 14:04:39.770979,
82531,654,67.24,2024-07-12 16:07:22.382412,travel
28272,294,57.53,2024-07-11 07:50:42.236272,entertainment
87037,746,64.33,2024-07-30 13:23:51.227761,travel
13238,779,4.54,2024-07-19 21:12:46.244983,entertainment
44627,270,18.5,2024-07-06 14:28:06.839195,travel
77610,117,7.97,2024-07-25 14:18:25.380834,services
40474,409,79.05,2024-07-14 13:58:39.642174,transport
48631,639,78.68,2024-07-19 11:54:24.186308,services
65836,400,36.17,2024-07-16 07:53:07.552713,travel
4130,134,43.3,2024-07-04 17:06:17.526228,
63816,272,38.67,2024-07-13 13:17:29.391908,travel
72400,997,84.24,2024-07-03 12:06:10.219518,services
69845,83,99.71,2024-07-09 13:44:35.004229,entertainment
91955,590,5.19,2024-07-09 11:30:51.719930,services
55030,121,34.26,2024-07-22 01:16:51.740972,travel
72935,344,10.66,2024-07-17 20:16:47.780466,transport
33940,860,8779.71,2024-07-09 03:50:05.493882,entertainment
64158,42,47.76,2024-07-13 19:03:30.936880,health
81833,896,87.18,2024-07-07 16:25:21.103797,transport
49680,79,21.74,2024-07-15 19:54:35.084415,transport
1180,874,68.88,2024-07-20 00:40:31.357963,entertainment
97605,564,51.18,2024-07-23 09:33:26.672189,services
64869,499,3.25,2024-07-26 07:09:53.855300,services
31677,465,2253.2,2024-07-18 23:35:10.756296,entertainment
32341,519,70.76,2024-07-09 14:08:04.830031,
66237,718,56.92,2024-07-27 08:55:28.936651,entertainment
61108,866,31.52,2024-07-17 12:42:09.696610,health
93956,405,72.42,2024-07-01 06:45:24.190081,health
39721,135,45.22,2024-07-14 00:59:19.775659,health
38425,780,19.91,2024-07-02 07:30:28.129546,travel
43379,477,-31.17,2024-07-02 03:40:30.499819,transport
55143,972,42.65,2024-07-22 02:39:24.967187,entertainment
9460,410,80.96,2024-07-09 19:49:27.040859,entertainment
9555,487,30.86,2024-07-22 09:12:21.278926,entertainment
77060,181,91.13,2024-07-13 04:38:36.030088,travel
69828,399,40.32,2024-07-20 09:06:27.826242,transport
45482,471,85.5,2024-07-17 08:54:43.255738,
88935,428,98.82,2024-07-29 13:36:05.559916,entertainment
3973,764,56.57,2024-07-10 07:58:56.980417,entertainment
64674,984,14.43,2024-07-24 20:10:31.531569,entertainment
44853,343,65.79,2024-07-05 23:48:33.593374,services
4707,680,94.24,2024-07-14 21:38:25.252840,travel
74385,639,89.52,2024-07-05 16:13:13.518890,entertainment
25625,208,88.71,2024-07-23 21:52:09.103037,services
24869,84,31.06,2024-07-13 05:32:07.853922,services
45606,245,3.82,2024-07-22 19:41:47.579409,travel
68245,8,29.12,2024-07-14 04:43:57.285029,entertainment
54045,344,41.77,2024-07-24 13:45:49.732747,entertainment
57832,71,83.35,2024-07-30 17:26:05.265932,health
86230,864,18.04,2024-07-30 21:21:05.680935,travel
8524,580,28.67,2024-07-31 00:58:49.458765,health
56428,47,95.18,2024-07-21 10:24:15.870458,services
95608,89,17.8,2024-07-31 18:48:21.929075,transport
57397,1,20.18,2024-07-09 02:14:13.259008,transport
65133,565,77.85,2024-07-21 00:02:37.269586,services
35593,239,-94.81,2024-07-15 17:43:48.309377,
93753,911,81.75,2024-07-06 16:35:22.247333,health
10913,257,29.27,2024-07-18 09:27:15.658010,health
21648,283,-66.22,2024-07-15 18:49:40.246400,entertainment
23637,824,64.82,2024-07-08 06:30:33.437501,transport
43391,344,54.07,2024-07-02 22:19:49.803598,health
15944,391,64.26,2024-07-29 13:15:23.699128,transport
35145,713,-55.7,2024-07-26 14:43:13.058098,services
92451,620,90.45,2024-07-29 09:01:10.563156,health
80760,908,31.21,2024-07-29 21:54:01.721808,travel
25036,382,67.87,2024-07-31 05:49:11.665914,entertainment
4736,191,42.26,2024-07-03 12:45:04.585305,entertainment
28618,206,6251.9,2024-07-29 11:38:19.482310,health
25871,584,6.0,2024-07-30 10:03:43.453358,health
97813,658,53.68,2024-07-27 21:01:38.767886,services
18527,185,40.53,2024-07-23 21:02:51.972613,transport
42448,237,56.83,2024-07-16 08:13:04.031801,entertainment
18274,995,71.36,2024-07-23 15:40:13.509438,health
78890,417,82.93,2024-07-31 12:29:08.716695,transport
77054,838,17.15,2024-07-22 15:50:42.591727,health
2865,322,76.36,2024-07-16 18:25:25.059514,health
92916,409,32.59,2024-07-14 21:34:56.229631,transport
75824,693,10.87,2024-07-31 08:32:45.994904,transport
76364,463,28.75,2024-07-18 04:49:23.945158,services
5453,774,24.54,2024-07-17 22:31:43.910176,travel
31175,574,95.58,2024-07-27 17:09:04.800153,transport
41861,404,83.09,2024-07-02 22:09:24.487860,services
5464,130,97.44,2024-07-08 14:21:43.406635,health
77085,964,53.19,2024-07-30 16:34:40.527265,entertainment
70605,692,7.62,2024-07-20 15:31:29.088967,health
63731,964,42.16,2024-07-23 04:49:29.881639,entertainment
38657,572,93.9,2024-07-29 01:55:38.797015,services
66017,568,88.47,2024-07-05 00:16:24.949505,travel
67227,121,70.16,2024-07-23 23:50:30.809439,health
63759,466,69.11,2024-07-03 06:17:29.630873,services
8491,24,80.9,2024-07-31 19:09:16.301980,services
22121,868,3.9,2024-07-24 08:19:56.074607,health
85182,41,62.02,2024-07-31 03:36:11.189072,health
3450,478,7722.88,2024-07-02 22:40:33.782375,travel
51216,410,11.13,2024-07-06 20:43:54.293558,transport
8021,371,43.37,2024-07-02 05:52:50.111089,entertainment
66748,917,51.03,2024-07-27 05:06:48.507696,health
31319,812,3138.86,2024-07-03 07:38:25.599093,health
24722,164,22.34,2024-07-20 06:41:40.380543,health
19176,108,44.29,2024-07-02 03:07:50.304620,transport
86267,175,46.61,2024-07-24 20:19:18.563467,services
67173,637,45.04,2024-07-19 09:00:12.681436,services
26652,70,67.77,2024-07-28 09:33:37.236848,services
85491,698,29.56,2024-07-17 13:05:47.545705,transport
5849,843,58.02,2024-07-16 21:25:12.176954,services
77750,660,77.66,2024-07-22 00:11:59.586127,entertainment
5898,499,29.68,2024-07-29 06:52:40.111714,services
90954,521,47.89,2024-07-23 20:52:03.253822,travel
15079,53,13.26,2024-07-30 06:18:24.575952,health
58693,953,61.01,2024-07-29 02:26:40.065475,health
64523,136,50.18,2024-07-11 15:31:55.596231,transport
25103,834,71.36,2024-07-01 19:16:40.533039,travel
16706,322,1.88,2024-07-12 20:40:05.026344,entertainment
38996,262,89.0,2024-07-14 17:28:40.841503,transport
21871,992,-96.92,2024-07-18 06:24:42.575410,services
28428,881,83.71,2024-07-29 22:56:11.167250,services
67781,265,80.88,2024-07-15 01:20:47.623853,health
38651,716,78.33,2024-07-25 09:30:37.761263,entertainment
72503,144,56.91,2024-07-19 11:40:10.669981,entertainment
2981,564,67.3,2024-07-20 01:06:32.415437,transport
97326,489,84.52,2024-07-22 12:10:29.735437,
52703,215,88.49,2024-07-27 14:00:39.237590,
19592,571,78.84,2024-07-20 12:11:23.167230,services
16186,847,66.08,2024-07-22 15:47:28.557247,services
45990,105,29.02,2024-07-16 16:59:28.621752,
90942,170,32.64,2024-07-26 02:24:31.789922,transport
48556,822,89.57,2024-07-28 10:13:41.115830,transport
35163,459,58.46,2024-07-14 09:15:59.463412,travel
34740,808,80.23,2024-07-12 21:56:18.709580,travel
74048,22,26.57,2024-07-09 00:00:42.187686,transport
97991,200,98.57,2024-07-27 04:42:27.955127,entertainment
11508,387,94.95,2024-07-28 12:44:14.016000,services
48501,950,24.59,2024-07-06 06:38:05.603513,entertainment
87472,230,54.03,2024-07-27 12:03:23.148232,transport
44603,769,39.15,2024-07-01 03:39:50.614078,services
29640,378,56.43,2024-07-07 11:13:14.711199,transport
84070,980,20.87,2024-07-11 01:49:17.690914,health
71784,344,82.33,2024-07-07 14:46:57.468372,entertainment
41937,780,39.46,2024-07-17 02:35:11.157287,travel
73724,878,46.98,2024-07-29 21:57:32.405342,services
47979,151,70.36,2024-07-18 18:17:15.169646,services
86981,66,-39.42,2024-07-15 08:31:13.199597,services
97875,91,7022.54,2024-07-27 02:59:09.972552,
83777,317,12.85,2024-07-28 20:47:03.776069,health
68484,26,42.95,2024-07-15 22:12:33.802940,
42206,666,12.92,2024-07-05 21:26:20.631390,travel
14212,53,52.6,2024-07-09 16:25:24.685738,travel
58302,543,66.61,2024-07-18 12:22:22.741857,services
72989,239,59.34,2024-07-18 00:16:57.159959,services
59413,593,33.14,2024-07-01 10:47:25.739780,travel
25024,906,20.72,2024-07-01 05:23:45.414547,
32294,458,66.21,2024-07-29 09:19:48.723816,health
45294,21,46.24,2024-07-24 08:44:31.395497,
19201,384,82.93,2024-07-25 03:04:43.924701,health
43906,327,58.86,2024-07-14 07:50:48.714481,travel
32367,71,24.92,2024-07-14 01:05:29.034561,services
23208,108,43.31,2024-07-20 02:58:17.855876,
580,814,54.1,2024-07-25 19:06:29.670768,
72132,893,65.87,2024-07-06 15:24:51.297186,health
33104,524,69.77,2024-07-29 22:10:57.662967,travel
89047,501,98.67,2024-07-29 20:49:51.009618,transport
29335,274,64.28,2024-07-05 16:39:20.768550,transport
26068,735,97.4,2024-07-23 21:29:42.430293,services
13346,261,48.67,2024-07-08 08:55:46.109821,services
85983,745,6779.55,2024-07-13 09:52:37.863475,transport
92911,805,45.83,2024-07-16 10:50:55.651882,travel
61029,166,27.07,2024-07-27 05:27:57.520323,services
26729,736,10.91,2024-07-20 18:02:54.460517,travel
56009,29,97.07,2024-07-29 17:54:58.594115,
30308,755,86.58,2024-07-23 11:53:39.202729,entertainment
28047,221,-50.99,2024-07-30 04:39:32.837857,health
38228,90,72.17,2024-07-31 00:18:18.800660,
24032,791,69.61,2024-07-24 16:07:29.099545,health
34837,805,53.98,2024-07-31 17:39:40.900369,travel
56589,716,98.84,2024-07-19 16:32:09.231548,transport
37608,123,87.48,2024-07-09 03:45:24.366477,entertainment
86932,884,73.63,2024-07-08 11:47:53.714080,entertainment
3089,411,7.0,2024-07-28 06:09:01.488660,transport
56125,461,63.94,2024-07-25 14:03:14.190778,services
63769,320,44.07,2024-07-09 11:35:06.001983,health
66044,641,48.18,2024-07-21 10:55:12.084126,entertainment
67162,492,59.99,2024-07-20 14:10:23.137786,entertainment
45400,446,-3.23,2024-07-02 11:01:38.086062,transport
64596,315,3.08,2024-07-01 14:08:59.567594,health
21941,129,45.23,2024-07-12 01:47:10.009942,services
97461,523,81.08,2024-07-13 11:31:56.093824,transport
47167,218,13.85,2024-07-18 16:16:16.192395,travel
80205,398,73.79,2024-07-13 03:56:41.066492,travel
495,433,5891.75,2024-07-11 19:15:56.943182,entertainment
43014,22,37.06,2024-07-13 01:50:19.424960,health
5130,468,71.6,2024-07-10 17:41:07.118130,entertainment
10866,874,29.59,2024-07-31 04:06:08.104634,health
43319,420,89.98,2024-07-09 23:18:58.735200,services
52974,799,81.36,2024-07-27 13:17:25.219417,transport
44915,950,40.62,2024-07-14 22:59:12.290438,entertainment
66393,133,29.24,2024-07-02 19:42:33.703538,travel
76156,479,-90.26,2024-07-12 23:52:37.004918,transport
34797,633,55.93,2024-07-30 23:10:44.895661,entertainment
78088,75,69.31,2024-07-25 23:41:20.353339,health
56413,844,71.59,2024-07-09 07:22:14.412466,services
60853,935,18.16,2024-07-13 16:45:03.341132,health
32068,878,26.36,2024-07-28 20:45:49.832375,health
37647,408,76.62,2024-07-14 12:19:39.121942,health
74514,417,20.74,2024-07-17 14:11:22.095847,entertainment
73844,611,94.11,2024-07-11 22:42:25.187717,travel
89086,580,6.27,2024-07-21 20:57:32.408663,services
60452,680,42.69,2024-07-09 23:26:18.389957,transport
43109,389,53.05,2024-07-04 22:26:24.251525,health
44575,728,66.28,2024-07-12 09:32:40.628820,health
92594,276,-30.13,2024-07-23 12:12:44.288899,travel
20106,703,96.37,2024-07-14 20:09:57.963377,travel
54993,12,3.47,2024-07-07 05:09:59.387210,entertainment
21582,863,9269.85,2024-07-29 12:49:06.830391,entertainment
26867,113,67.98,2024-07-25 09:22:11.126186,travel
90237,40,9.28,2024-07-28 01:37:22.552544,travel
47334,405,5.97,2024-07-07 22:22:30.730511,transport
31227,134,24.9,2024-07-15 19:56:45.201895,entertainment
48490,235,92.72,2024-07-23 02:04:14.903252,health
59317,683,2.49,2024-07-28 09:47:49.824860,health
51681,404,-34.11,2024-07-02 09:29:56.749663,services
41700,710,4.74,2024-07-13 08:57:34.823377,entertainment
87497,90,21.98,2024-07-30 09:02:51.318669,transport
5118,75,75.64,2024-07-30 18:07:42.418771,
21111,391,60.81,2024-07-08 23:56:44.922145,travel
67056,502,7.47,2024-07-20 19:57:08.176275,entertainment
59207,781,94.41,2024-07-01 06:57:43.820476,services
49362,758,35.93,2024-07-15 08:10:57.882700,services
8439,910,-67.49,2024-07-13 22:41:22.615547,services
42783,963,24.91,2024-07-07 15:55:15.277107,services
89920,373,39.44,2024-07-13 10:43:09.970359,health
76091,627,87.7,2024-07-30 03:01:59.219068,entertainment
25511,505,6445.06,2024-07-18 17:10:25.852942,health
2922,346,7.32,2024-07-18 05:29:40.547362,
31215,5,57.88,2024-07-05 22:48:56.518691,travel
87773,661,98.32,2024-07-10 03:22:42.575118,health
72693,930,8.87,2024-07-15 06:54:09.670719,transport
57401,713,-51.59,2024-07-11 23:59:08.746985,transport
76186,46,42.41,2024-07-17 10:56:30.801926,health
18348,291,-96.3,2024-07-07 14:22:13.549825,services
78221,777,21.82,2024-07-27 10:52:30.150628,services
37863,749,12.54,2024-07-15 04:05:03.200322,entertainment
5587,891,63.33,2024-07-25 19:55:11.804748,entertainment
76759,130,-89.46,2024-07-13 18:27:48.137188,health
26197,159,16.32,2024-07-09 02:41:17.464235,services
66554,975,3.9,2024-07-05 12:47:50.912896,health
28827,166,64.23,2024-07-11 13:02:12.040147,travel
27288,170,89.21,2024-07-09 15:09:06.664247,services
72742,814,2358.99,2024-07-03 20:15:03.643164,travel
40757,495,62.72,2024-07-19 08:33:38.586420,transport
6111,301,92.99,2024-07-20 20:53:29.046651,services
26651,599,83.73,2024-07-10 05:38:59.624586,health
2560,552,16.88,2024-07-19 13:34:50.106440,transport
57463,120,-91.71,2024-07-18 10:03:22.387377,
75702,717,68.46,2024-07-21 14:20:33.943522,services
29413,762,71.32,2024-07-18 18:37:02.401123,services
633,487,59.46,2024-07-17 18:16:17.643615,transport
5125,779,91.49,2024-07-11 00:54:01.047692,services
93251,114,28.83,2024-07-05 17:15:37.471890,health
21111,996,84.9,2024-07-25 11:57:41.337350,transport
32294,81,-39.75,2024-07-16 11:52:52.555577,entertainment
83535,385,51.87,2024-07-05 07:27:31.207416,health
93268,251,40.58,2024-07-31 14:36:36.893819,entertainment
26830,913,80.42,2024-07-22 20:06:14.441145,health
55299,561,17.15,2024-07-03 20:36:15.346090,services
73169,900,55.5,2024-07-13 22:39:18.551379,transport
86230,275,22.89,2024-07-11 08:49:46.158791,services
91396,628,10.83,2024-07-01 08:46:28.284890,travel
85983,260,1.64,2024-07-27 04:07:49.814237,travel
40757,41,65.19,2024-07-26 02:54:23.919125,services
95210,401,77.17,2024-07-13 05:04:51.633596,transport
47126,808,51.27,2024-07-28 04:13:55.629239,travel
2383,459,71.99,2024-07-22 14:00:02.872214,entertainment
61494,890,14.18,2024-07-01 23:56:17.759240,entertainment
94359,21,2210.4,2024-07-16 05:24:47.781701,health
78373,627,51.75,2024-07-29 18:32:53.712463,travel
81106,92,28.4,2024-07-19 01:21:31.115507,entertainment
97813,187,66.15,2024-07-21 21:31:19.644558,health
21160,540,45.82,2024-07-31 13:24:02.771248,services
50640,578,6.45,2024-07-22 12:44:29.419154,health
22121,542,86.22,2024-07-11 19:04:45.151584,services
74048,939,46.08,2024-07-08 23:29:28.155838,entertainment
67800,343,39.25,2024-07-12 23:04:45.234921,health
66044,969,39.37,2024-07-05 17:48:16.853925,transport
51065,248,10.92,2024-07-27 04:26:46.930859,travel
52434,283,30.17,2024-07-16 07:23:21.277720,services
32294,173,47.98,2024-07-07 14:03:34.735311,services
63731,756,85.16,2024-07-12 16:57:27.673095,travel
68484,17,62.22,2024-07-23 02:10:08.587857,entertainment
6009,342,32.77,2024-07-08 11:18:48.020139,transport
85697,854,25.23,2024-07-01 14:59:01.777473,services
633,481,16.48,2024-07-02 08:41:11.065666,entertainment
32911,45,88.45,2024-07-28 03:01:49.085676,health
81833,9,49.88,2024-07-25 01:25:33.186095,entertainment
66393,446,37.42,2024-07-27 04:07:25.149571,services
789,344,85.53,2024-07-13 03:34:20.212947,travel
99491,194,97.92,2024-07-15 02:18:46.982322,transport
81426,58,73.11,2024-07-03 22:16:27.118782,travel
48099,503,96.78,2024-07-26 00:46:25.476601,health
59413,488,61.76,2024-07-15 12:33:12.052739,travel
31319,408,46.05,2024-07-29 12:38:06.972292,travel
60125,453,67.56,2024-07-30 16:16:59.386377,transport
78731,160,68.25,2024-07-16 19:13:49.260654,services
